<?xml version="1.0" encoding="UTF-8"?>
<component type="desktop">
  <id>org.corectrl.corectrl</id>
  <!-- Copyright 2019 Artem Polishchuk <ego.cordatus@gmail.com> -->
  <metadata_license>CC0</metadata_license>
  <project_license>GPL-3.0-or-later</project_license>
  <name>CoreCtrl</name>
  <summary>A friendly hardware control</summary>
  <description>
    <p>CoreCtrl is a Free and Open Source GNU/Linux application that allows you
       to control with ease your computer hardware using application profiles.
       It aims to be flexible, comfortable and accessible to regular users.</p>
  </description>
  <provides>
    <binary>corectrl</binary>
  </provides>
  <screenshots>
    <screenshot type="default">
      <image>https://gitlab.com/corectrl/corectrl/wikis/img/screenshot1.png</image>
    </screenshot>
  </screenshots>
  <developer_name>Juan Palacios</developer_name>
  <url type="homepage">https://gitlab.com/corectrl/corectrl</url>
  <url type="bugtracker">https://gitlab.com/corectrl/corectrl/issues</url>
  <url type="translate">https://gitlab.com/corectrl/corectrl/tree/master/src/translations</url>
  <url type="help">https://gitlab.com/corectrl/corectrl/wikis</url>
</component>
