<?xml version="1.0"?>
<package version="2.0" xmlns="http://pear.php.net/dtd/package-2.0"
    xmlns:tasks="http://pear.php.net/dtd/tasks-1.0"
    xmlns:xsi="http://www.w3.org/2001/XMLSchema-instance"
    xsi:schemaLocation="http://pear.php.net/dtd/tasks-1.0
http://pear.php.net/dtd/tasks-1.0.xsd
http://pear.php.net/dtd/package-2.0
http://pear.php.net/dtd/package-2.0.xsd">

  <name>sixel</name>
  <channel>pecl.php.net</channel>

  <summary>PHP interface to libsixel</summary>

  <description>
    A PHP interface to libsixel.
    libsixel is a lightweight, fast implementation of DEC SIXEL graphics codec.
  </description>

  <developer>
    <name>Hayaki Saito</name>
    <user>saitoha</user>
    <email>saitoha@me.com</email>
    <active>yes</active>
  </developer>

  <date>2015-08-30</date>
  <version>
    <release>0.0.2</release>
    <api>0.0.1</api>
  </version>
  <stability>
    <release>alpha</release>
    <api>alpha</api>
  </stability>

  <license uri="http://opensource.org/licenses/MIT" filesource="LICENSE">MIT</license>

  <notes>
        Alpha version.

  </notes>

  <contents>
    <dir name="/">
      <file role='doc' name='EXPERIMENTAL'/>
      <file role='doc' name='CREDITS'/>
      <file role='src' name='config.m4'/>
      <file role='src' name='sixel.dsp'/>
      <file role='src' name='config.w32'/>
      <file role='src' name='sixel.c'/>
      <file role='src' name='php_sixel.h'/>
      <dir name="tests">
        <file role='test' name='SixelEncoder____construct.phpt'/>
        <file role='test' name='SixelEncoder____destruct.phpt'/>
        <file role='test' name='SixelEncoder__setopt.phpt'/>
        <file role='test' name='SixelEncoder__encode.phpt'/>
      </dir>
    </dir>
  </contents>

  <dependencies>
    <required>
      <php>
        <min>5.0.0</min>
      </php>
      <pearinstaller>
        <min>1.4.0a1</min>
      </pearinstaller>
    </required>
  </dependencies>

  <providesextension>sixel</providesextension>

  <extsrcrelease>
   <configureoption name="with-libsixel" default="autodetect" prompt="libsixel installation directory?" />
  </extsrcrelease>

</package>
