<!DOCTYPE node PUBLIC
"-//freedesktop//DTD D-BUS Object Introspection 1.0//EN"
"http://www.freedesktop.org/standards/dbus/1.0/introspect.dtd">

<!--
 Copyright (C) 2011 Red Hat, Inc.

 This library is free software; you can redistribute it and/or
 modify it under the terms of the GNU Lesser General Public
 License as published by the Free Software Foundation; either
 version 2 of the License, or (at your option) any later version.

 This library is distributed in the hope that it will be useful,
 but WITHOUT ANY WARRANTY; without even the implied warranty of
 MERCHANTABILITY or FITNESS FOR A PARTICULAR PURPOSE.  See the GNU
 Lesser General Public License for more details.

 You should have received a copy of the GNU Lesser General
 Public License along with this library; if not, write to the
 Free Software Foundation, Inc., 59 Temple Place, Suite 330,
 Boston, MA 02111-1307, USA.

 Author: Alexander Larsson <alexl@redhat.com>
-->

<node name="/" xmlns:doc="http://www.freedesktop.org/dbus/1.0/doc.dtd">
  <interface name='org.Nemo.FileOperations'>
    <method name='CopyURIs'>
      <arg type='as' name='SourceFilesURIList' direction='in'/>
      <arg type='s' name='DestinationDirectoryURI' direction='in'/>
    </method>
    <method name='MoveURIs'>
      <arg type='as' name='SourceFilesURIList' direction='in'/>
      <arg type='s' name='DestinationDirectoryURI' direction='in'/>
    </method>
    <method name='EmptyTrash'>
    </method>"
    <method name='CopyFile'>
      <arg type='s' name='SourceFileURI' direction='in'/>
      <arg type='s' name='SourceDisplayName' direction='in'/>
      <arg type='s' name='DestinationDirectoryURI' direction='in'/>
      <arg type='s' name='DestinationDisplayName' direction='in'/>
    </method>
  </interface>
</node>
