<!DOCTYPE node PUBLIC
"-//freedesktop//DTD D-BUS Object Introspection 1.0//EN"
"http://www.freedesktop.org/standards/dbus/1.0/introspect.dtd">

<!--
 This library is free software; you can redistribute it and/or
 modify it under the terms of the GNU Lesser General Public
 License as published by the Free Software Foundation; either
 version 2 of the License, or (at your option) any later version.

 This library is distributed in the hope that it will be useful,
 but WITHOUT ANY WARRANTY; without even the implied warranty of
 MERCHANTABILITY or FITNESS FOR A PARTICULAR PURPOSE.  See the GNU
 Lesser General Public License for more details.

 You should have received a copy of the GNU Lesser General
 Public License along with this library; if not, write to the
 Free Software Foundation, Inc., 59 Temple Place, Suite 330,
 Boston, MA 02111-1307, USA.
-->
<node name="/" xmlns:doc="http://www.freedesktop.org/dbus/1.0/doc.dtd">
  <interface name='org.freedesktop.FileManager1'>
    <method name='ShowFolders'>
      <arg type='as' name='URIs' direction='in'/>
      <arg type='s' name='StartupId' direction='in'/>
    </method>
    <method name='ShowItems'>
      <arg type='as' name='URIs' direction='in'/>
      <arg type='s' name='StartupId' direction='in'/>
    </method>
    <method name='ShowItemProperties'>
      <arg type='as' name='URIs' direction='in'/>
      <arg type='s' name='StartupId' direction='in'/>
    </method>
    <property name="OpenLocations" type="as" access="read"/>
  </interface>
</node>
