<?xml version='1.0' encoding='iso-8859-1'?>
<!-- $Revision: 1.1 $ -->
<!-- Purpose: utilspec -->
<!-- Membership: pecl, external -->
<!-- State: experimental -->

 <reference xml:id='ref.sixel' xmlns='http://docbook.org/ns/docbook' xmlns:xlink='http://www.w3.org/1999/xlink'>
  <title>PHP interface to libsixel</title>
  <titleabbrev>sixel</titleabbrev>

  <partintro>
   <section id='sixel.intro'>
    &reftitle.intro;
    <para>
    A PHP interface to libsixel.
    libsixel is a lightweight, fast implementation of DEC SIXEL graphics codec.

    </para>
   </section>
   
   <section xml:id='sixel.requirements'>
    &reftitle.required;
    <para>
     
    </para>
   </section>

   &reference.sixel.configure;
   &reference.extname.ini;

   <section id='sixel.resources'>
    &reftitle.resources;
   &no.resource;
   </section>

   &reference.extname.constants;
  </partintro>

&reference.sixel.functions;

 </reference>

<!-- Keep this comment at the end of the file
Local variables:
mode: sgml
sgml-omittag:t
sgml-shorttag:t
sgml-minimize-attributes:nil
sgml-always-quote-attributes:t
sgml-indent-step:1
sgml-indent-data:t
indent-tabs-mode:nil
sgml-parent-document:nil
sgml-default-dtd-file:"../../../manual.ced"
sgml-exposed-tags:nil
sgml-local-catalogs:nil
sgml-local-ecat-files:nil
End:
vim600: syn=xml fen fdm=syntax fdl=2 si
vim: et tw=78 syn=sgml
vi: ts=1 sw=1
-->
