<ui>
<popup name="background">
    <placeholder name="Before Zoom Items">
        <placeholder name="View Items">
            <menuitem name="Desktop Overlay" action="Show Desktop Overlay"/>
        </placeholder>
        <placeholder name="New Window Items">
        </placeholder>
        <placeholder name="New Object Items">
        </placeholder>
    </placeholder>
    <placeholder name="After Zoom Items">
        <placeholder name="Background Items">
        </placeholder>
    </placeholder>
</popup>
<popup name="selection">
    <placeholder name="Empty Trash Holder">
        <menuitem name="Empty Trash" action="Empty Trash Conditional"/>
    </placeholder>
</popup>
</ui>
