<ui>
<popup name="background">
        <placeholder name="Before Zoom Items">
                <placeholder name="New Window Items">
                </placeholder>
                <placeholder name="New Object Items">
                </placeholder>
        </placeholder>
        <placeholder name="After Zoom Items">
                <placeholder name="Background Items">
                </placeholder>
        </placeholder>
</popup>
<popup name="selection">
        <placeholder name="Icon Appearance Items">
            <menuitem name="Stretch" action="Stretch"/>
            <menuitem name="Unstretch" action="Unstretch"/>
        </placeholder>
        <placeholder name="Empty Trash Holder">
                <menuitem name="Empty Trash" action="Empty Trash Conditional"/>
        </placeholder>
</popup>
</ui>
