<ui>
<accelerator action="Search"/>
<accelerator action="SplitViewNextPane"/>
<accelerator action="TabsPrevious"/>
<accelerator action="TabsNext"/>
<accelerator action="TabsMoveLeft"/>
<accelerator action="TabsMoveRight"/>
<accelerator action="ZoomInAccel"/>
<accelerator action="ZoomInAccel2"/>
<accelerator action="ZoomOutAccel"/>
<menubar name="MenuBar">
	<menu action="File">
		<placeholder name="New Items Placeholder">
			<menuitem name="New Tab" action="New Tab"/>
			<menuitem name="New Window" action="New Window"/>
		</placeholder>
		<separator/>
		<placeholder name="Open Placeholder"/>
		<separator/>
		<placeholder name="Location Placeholder"/>
		<menuitem name="Connect to Server" action="Connect to Server"/>
		<separator/>
		<placeholder name="File Items Placeholder"/>
		<separator/>
		<placeholder name="Global File Items Placeholder"/>
		<separator/>
		<placeholder name="Extension Actions"/>
		<separator/>
                <placeholder name="Close Items Placeholder">
			<menuitem name="Close All Windows" action="Close All Windows"/>
		</placeholder>
		<menuitem name="Close" action="Close"/>
	</menu>
	<menu action="Edit">
		<placeholder name="Undostack Actions"/>
		<separator/>
		<placeholder name="Clipboard Actions">
                </placeholder>
		<separator/>
		<placeholder name="Copy Move to Placeholder"/>
		<separator/>
		<placeholder name="Select Items"/>
		<separator/>
		<placeholder name="File Items Placeholder"/>
		<separator/>
		<placeholder name="Dangerous File Items Placeholder"/>
		<separator/>
		<placeholder name="Edit Items Placeholder"/>
		<placeholder name="Global Edit Items Placeholder"/>
		<separator/>
		<placeholder name="Extension Actions"/>
		<separator/>
        <menuitem name="Plugins" action="NemoPluginManager"/>
		<menuitem name="Preferences" action="Preferences"/>
	</menu>
	<menu action="View">
		<menuitem name="Stop" action="Stop"/>
		<menuitem name="Reload" action="Reload"/>
		<separator/>
		<placeholder name="Show Hide Placeholder">
			<menu action="Sidebar List">
				<menuitem name="Sidebar Places" action="Sidebar Places"/>
				<menuitem name="Sidebar Tree" action="Sidebar Tree"/>
				<separator/>
				<menuitem name="Show Hide Sidebar" action="Show Hide Sidebar"/>
			</menu>
			<menuitem name="Show Hide Toolbar" action="Show Hide Toolbar"/>
            <menuitem name="Show Hide Menubar" action="Show Hide Menubar"/>
			<menuitem name="Show Hide Statusbar" action="Show Hide Statusbar"/>
            <separator/>
			<menuitem name="Show Hide Extra Pane" action="Show Hide Extra Pane"/>
            <menuitem name="Edit Location" action="Edit Location"/>
		</placeholder>
		<separator/>
		<placeholder name="View Preferences Placeholder"/>
		<separator/>
		<placeholder name="View Items Placeholder"/>
		<separator/>
		<placeholder name="Zoom Items Placeholder">
			<menuitem name="Zoom In" action="Zoom In"/>
			<menuitem name="Zoom Out" action="Zoom Out"/>
			<menuitem name="Zoom Normal" action="Zoom Normal"/>
		</placeholder>
		<placeholder name="View Choices">
            <separator/>
            <menuitem name="Icon View" action="IconView"/>
            <menuitem name="List View" action="ListView"/>
            <menuitem name="Compact View" action="CompactView"/>
		</placeholder>
	</menu>
	<placeholder name="Other Menus">
	        <menu action="Go">
                        <placeholder name="Navigation Items">
			<menuitem name="Up" action="Up"/>
			<menuitem name="Back" action="Back"/>
			<menuitem name="Forward"  action="Forward"/>
			<menuitem name="SplitViewSameLocationMenu" action="SplitViewSameLocation"/>
	                </placeholder>
	                <separator/>
			<menuitem name="Home" action="Home"/>
			<menuitem name="Computer" action="Go to Computer"/>
			<menuitem name="Go to Templates" action="Go to Templates"/>
			<menuitem name="Go to Trash" action="Go to Trash"/>
		        <menuitem name="Go to Network" action="Go to Network"/>
			<menuitem name="Search" action="Search"/>
		</menu>
		<menu action="Bookmarks">
			<menuitem name="Add Bookmark" action="Add Bookmark"/>
			<menuitem name="Edit Bookmark" action="Edit Bookmarks"/>
			<separator/>
			<placeholder name="Bookmarks Placeholder"/>
		</menu>

	</placeholder>
	<menu action="Help">
		<menuitem action="NemoHelp"/>
        <menuitem action="NemoShortcuts"/>
<!--		<menuitem action="NemoHelpSearch"/>
		<menuitem action="NemoHelpSort"/>
		<menuitem action="NemoHelpLost"/>
		<menuitem action="NemoHelpShare"/>    -->
		<separator/>
		<menuitem name="About Nemo" action="About Nemo"/>
	</menu>
</menubar>
<popup name="background">
	<placeholder name="Before Zoom Items">
		<placeholder name="New Window Items"/>
		<placeholder name="New Object Items"/>
		<separator/>
	       <placeholder name="Extension Actions"/>
	</placeholder>
        <separator/>
	<placeholder name="After Zoom Items"/>
</popup>
</ui>
